<?xml version="1.0" encoding="UTF-8"?>
<project-private xmlns="http://www.netbeans.org/ns/project-private/1">
    <open-files xmlns="http://www.netbeans.org/ns/projectui-open-files/2">
        <group>
            <file>file:/C:/Users/Nino/Documents/NetBeansProjects/MovieCancellation/src/UserPages/Screen7_UserProfile.java</file>
            <file>file:/C:/Users/Nino/Documents/NetBeansProjects/MovieCancellation/src/UserPages/Screen3_1ForgotPassword.java</file>
            <file>file:/C:/Users/Nino/Documents/NetBeansProjects/MovieCancellation/src/UserPages/Screen3Login.java</file>
            <file>file:/C:/Users/Nino/Documents/NetBeansProjects/MovieCancellation/src/UserPages/Screen2Register.java</file>
            <file>file:/C:/Users/Nino/Documents/NetBeansProjects/MovieCancellation/src/UserPages/Screen6_Receipt.java</file>
            <file>file:/C:/Users/Nino/Documents/NetBeansProjects/MovieCancellation/src/UserPages/Screen1Home.java</file>
            <file>file:/C:/Users/Nino/Documents/NetBeansProjects/MovieCancellation/src/UserPages/Screen7_1UsersMovies.java</file>
            <file>file:/C:/Users/Nino/Documents/NetBeansProjects/MovieCancellation/src/UserPages/Screen5Reservation.java</file>
            <file>file:/C:/Users/Nino/Documents/NetBeansProjects/MovieCancellation/src/UserPages/Screen4_MovieReservations.java</file>
        </group>
    </open-files>
</project-private>
